INSERT INTO Film (ID, Titolo, Genere, DataUscita, Descrizione, SrcImg, AltImg, Durata)
VALUES (1,'Film 1', 'Orrore', '2021-01-01', 
'Lorem ipsum dolor sit amet, consectetur adipiscing elit. Nam tempor turpis neque, vel feugiat justo luctus quis. Curabitur ultricies, nisl sed pretium aliquam, nisi velit dictum augue, non scelerisque sapien metus sed urna. Maecenas sem orci, interdum ac quam in, pharetra eleifend dolor. Suspendisse ultricies iaculis velit vel viverra. Proin aliquam erat at luctus posuere. In commodo odio nulla, nec sagittis diam dictum eget. Donec egestas fringilla pellentesque.
Interdum et malesuada fames ac ante ipsum primis in faucibus. Etiam libero purus, fermentum at faucibus sed, tristique ut leo. In hac habitasse platea dictumst. Ut erat mi, sodales interdum mi imperdiet, commodo auctor purus. Sed sed ante mi. Maecenas tincidunt at dolor quis lacinia. Mauris a tellus bibendum lorem varius efficitur.', 
'https://via.placeholder.com/316x470/FF2222/FFFFFF','alt-immagine', 120),

(2,'Film 2', 'Fantastico', '2022-03-12', 
'Sed eu orci pellentesque, porttitor urna vitae, pellentesque ligula. Praesent sed dui quis justo fermentum vehicula. Pellentesque hendrerit nisi a aliquet semper. Sed rhoncus urna at ligula ornare, nec euismod nibh pulvinar. Phasellus sed ultrices elit, at pretium magna. Nullam purus metus, ultrices a suscipit eu, varius et diam. Suspendisse potenti. Praesent elementum lectus non metus rutrum, ac sodales leo tincidunt. Fusce lacus purus, malesuada vel tortor ac, pulvinar viverra arcu. Ut et aliquet purus, in ornare orci. Vestibulum lorem turpis, convallis vel lacinia vel, porttitor et ligula. Integer efficitur ornare cursus. Curabitur sit amet metus egestas, luctus ligula nec, lobortis nisi. Aliquam a massa egestas, facilisis sem eget, blandit ex. Ut pharetra, metus vitae ultrices bibendum, turpis velit lacinia massa, sed imperdiet urna mi in tortor. Mauris eget dolor ut ante cursus facilisis ac vitae ante.
Etiam pulvinar et sem et egestas. Praesent condimentum augue pulvinar, elementum lorem et, dapibus eros. Vestibulum leo nisi, pellentesque non risus eget, ultricies tincidunt neque. Vivamus id consequat odio, tincidunt sollicitudin nisi. Nam laoreet pulvinar nibh, eget luctus ipsum convallis id. In a fermentum turpis. Nullam at sapien id est tristique viverra. Quisque vulputate vestibulum sapien ut molestie.'
,'https://via.placeholder.com/316x470/FF2222/FFFFFF','alt-immagine', 140),

(3,'Film 3', 'Azione', '2022-01-07', 
'Etiam pulvinar et sem et egestas. Praesent condimentum augue pulvinar, elementum lorem et, dapibus eros. Vestibulum leo nisi, pellentesque non risus eget, ultricies tincidunt neque. Vivamus id consequat odio, tincidunt sollicitudin nisi. Nam laoreet pulvinar nibh, eget luctus ipsum convallis id. In a fermentum turpis. Nullam at sapien id est tristique viverra. Quisque vulputate vestibulum sapien ut molestie.
Morbi odio mi, egestas vitae velit eu, molestie tincidunt augue. Fusce pretium ex lorem, non congue ex venenatis ut. Praesent malesuada posuere consectetur. Cras eget convallis urna. Sed ligula neque, maximus non ex vitae, scelerisque tincidunt risus. Etiam id leo in ipsum imperdiet scelerisque quis a dui. Class aptent taciti sociosqu ad litora torquent per conubia nostra, per inceptos himenaeos. Curabitur venenatis tellus augue, ornare ullamcorper augue fringilla finibus. Pellentesque porttitor mi rutrum, vestibulum diam sed, pharetra lectus.'
,'https://via.placeholder.com/316x470/FF2222/FFFFFF','alt-immagine',  160),

(4,'Film 4', 'Giallo', '2021-01-01', 
'Morbi consectetur, nulla ut gravida lobortis, purus velit commodo nunc, in rhoncus mi ex non ante. Sed sed aliquet augue. Proin fringilla vulputate arcu ac malesuada. Proin in accumsan orci, at tincidunt lectus. Etiam feugiat eros et posuere sodales. Curabitur at laoreet tortor. Sed pharetra metus viverra, iaculis ex vitae, lacinia augue. Morbi varius, ex ut dapibus ornare, arcu purus sollicitudin tortor, quis vehicula odio elit gravida ipsum. Vivamus eros tortor, bibendum eu erat at, ornare ultrices augue. Aliquam arcu metus, placerat ac vulputate gravida, sollicitudin ac nisi. Donec in tortor tellus. Cras vel sollicitudin mauris. 
Aliquam et mattis est.Interdum et malesuada fames ac ante ipsum primis in faucibus. Etiam libero purus, fermentum at faucibus sed, tristique ut leo. In hac habitasse platea dictumst. Ut erat mi, sodales interdum mi imperdiet, commodo auctor purus. Sed sed ante mi. Maecenas tincidunt at dolor quis lacinia. Mauris a tellus bibendum lorem varius efficitur.', 
'https://via.placeholder.com/316x470/FF2222/FFFFFF','alt-immagine', 130);


INSERT INTO Sala (Numero) VALUES (1), (2), (3);

INSERT INTO Posto (Fila, Numero, NumeroSala) 
VALUES 
('A', 1, 1),
('B', 1, 1),
('C', 1, 1),
('D', 1, 1),
('E', 1, 1),
('F', 1, 1),
('G', 1, 1),
('A', 2, 1),
('B', 2, 1),
('C', 2, 1),
('D', 2, 1),
('E', 2, 1),
('F', 2, 1),
('G', 2, 1),
('A', 3, 1),
('B', 3, 1),
('C', 3, 1),
('D', 3, 1),
('E', 3, 1),
('F', 3, 1),
('G', 3, 1),
('A', 4, 1),
('B', 4, 1),
('C', 4, 1),
('D', 4, 1),
('E', 4, 1),
('F', 4, 1),
('G', 4, 1),
('A', 5, 1),
('B', 5, 1),
('C', 5, 1),
('D', 5, 1),
('E', 5, 1),
('F', 5, 1),
('G', 5, 1),
('A', 6, 1),
('B', 6, 1),
('C', 6, 1),
('D', 6, 1),
('E', 6, 1),
('F', 6, 1),
('G', 6, 1),
('A', 7, 1),
('B', 7, 1),
('C', 7, 1),
('D', 7, 1),
('E', 7, 1),
('F', 7, 1),
('G', 7, 1),
('A', 8, 1),
('B', 8, 1),
('C', 8, 1),
('D', 8, 1),
('E', 8, 1),
('F', 8, 1),
('G', 8, 1),
('A', 9, 1),
('B', 9, 1),
('C', 9, 1),
('D', 9, 1),
('E', 9, 1),
('F', 9, 1),
('G', 9, 1),
('A', 10, 1),
('B', 10, 1),
('C', 10, 1),
('D', 10, 1),
('E', 10, 1),
('F', 10, 1),
('G', 10, 1),
('A', 11, 1),
('B', 11, 1),
('C', 11, 1),
('D', 11, 1),
('E', 11, 1),
('F', 11, 1),
('G', 11, 1),
('A', 12, 1),
('B', 12, 1),
('C', 12, 1),
('D', 12, 1),
('E', 12, 1),
('F', 12, 1),
('G', 12, 1),
('A', 13, 1),
('B', 13, 1),
('C', 13, 1),
('D', 13, 1),
('E', 13, 1),
('F', 13, 1),
('G', 13, 1),
('A', 14, 1),
('B', 14, 1),
('C', 14, 1),
('D', 14, 1),
('E', 14, 1),
('F', 14, 1),
('G', 14, 1),
('A', 15, 1),
('B', 15, 1),
('C', 15, 1),
('D', 15, 1),
('E', 15, 1),
('F', 15, 1),
('G', 15, 1),
('A', 1, 2),
('B', 1, 2),
('C', 1, 2),
('D', 1, 2),
('E', 1, 2),
('F', 1, 2),
('G', 1, 2),
('A', 2, 2),
('B', 2, 2),
('C', 2, 2),
('D', 2, 2),
('E', 2, 2),
('F', 2, 2),
('G', 2, 2),
('A', 3, 2),
('B', 3, 2),
('C', 3, 2),
('D', 3, 2),
('E', 3, 2),
('F', 3, 2),
('G', 3, 2),
('A', 4, 2),
('B', 4, 2),
('C', 4, 2),
('D', 4, 2),
('E', 4, 2),
('F', 4, 2),
('G', 4, 2),
('A', 5, 2),
('B', 5, 2),
('C', 5, 2),
('D', 5, 2),
('E', 5, 2),
('F', 5, 2),
('G', 5, 2),
('A', 6, 2),
('B', 6, 2),
('C', 6, 2),
('D', 6, 2),
('E', 6, 2),
('F', 6, 2),
('G', 6, 2),
('A', 7, 2),
('B', 7, 2),
('C', 7, 2),
('D', 7, 2),
('E', 7, 2),
('F', 7, 2),
('G', 7, 2),
('A', 8, 2),
('B', 8, 2),
('C', 8, 2),
('D', 8, 2),
('E', 8, 2),
('F', 8, 2),
('G', 8, 2),
('A', 9, 2),
('B', 9, 2),
('C', 9, 2),
('D', 9, 2),
('E', 9, 2),
('F', 9, 2),
('G', 9, 2),
('A', 10, 2),
('B', 10, 2),
('C', 10, 2),
('D', 10, 2),
('E', 10, 2),
('F', 10, 2),
('G', 10, 2),
('A', 11, 2),
('B', 11, 2),
('C', 11, 2),
('D', 11, 2),
('E', 11, 2),
('F', 11, 2),
('G', 11, 2),
('A', 12, 2),
('B', 12, 2),
('C', 12, 2),
('D', 12, 2),
('E', 12, 2),
('F', 12, 2),
('G', 12, 2),
('A', 13, 2),
('B', 13, 2),
('C', 13, 2),
('D', 13, 2),
('E', 13, 2),
('F', 13, 2),
('G', 13, 2),
('A', 14, 2),
('B', 14, 2),
('C', 14, 2),
('D', 14, 2),
('E', 14, 2),
('F', 14, 2),
('G', 14, 2),
('A', 15, 2),
('B', 15, 2),
('C', 15, 2),
('D', 15, 2),
('E', 15, 2),
('F', 15, 2),
('G', 15, 2),
('A', 1, 3),
('B', 1, 3),
('C', 1, 3),
('D', 1, 3),
('E', 1, 3),
('F', 1, 3),
('G', 1, 3),
('A', 2, 3),
('B', 2, 3),
('C', 2, 3),
('D', 2, 3),
('E', 2, 3),
('F', 2, 3),
('G', 2, 3),
('A', 3, 3),
('B', 3, 3),
('C', 3, 3),
('D', 3, 3),
('E', 3, 3),
('F', 3, 3),
('G', 3, 3),
('A', 4, 3),
('B', 4, 3),
('C', 4, 3),
('D', 4, 3),
('E', 4, 3),
('F', 4, 3),
('G', 4, 3),
('A', 5, 3),
('B', 5, 3),
('C', 5, 3),
('D', 5, 3),
('E', 5, 3),
('F', 5, 3),
('G', 5, 3),
('A', 6, 3),
('B', 6, 3),
('C', 6, 3),
('D', 6, 3),
('E', 6, 3),
('F', 6, 3),
('G', 6, 3),
('A', 7, 3),
('B', 7, 3),
('C', 7, 3),
('D', 7, 3),
('E', 7, 3),
('F', 7, 3),
('G', 7, 3),
('A', 8, 3),
('B', 8, 3),
('C', 8, 3),
('D', 8, 3),
('E', 8, 3),
('F', 8, 3),
('G', 8, 3),
('A', 9, 3),
('B', 9, 3),
('C', 9, 3),
('D', 9, 3),
('E', 9, 3),
('F', 9, 3),
('G', 9, 3),
('A', 10, 3),
('B', 10, 3),
('C', 10, 3),
('D', 10, 3),
('E', 10, 3),
('F', 10, 3),
('G', 10, 3),
('A', 11, 3),
('B', 11, 3),
('C', 11, 3),
('D', 11, 3),
('E', 11, 3),
('F', 11, 3),
('G', 11, 3),
('A', 12, 3),
('B', 12, 3),
('C', 12, 3),
('D', 12, 3),
('E', 12, 3),
('F', 12, 3),
('G', 12, 3),
('A', 13, 3),
('B', 13, 3),
('C', 13, 3),
('D', 13, 3),
('E', 13, 3),
('F', 13, 3),
('G', 13, 3),
('A', 14, 3),
('B', 14, 3),
('C', 14, 3),
('D', 14, 3),
('E', 14, 3),
('F', 14, 3),
('G', 14, 3),
('A', 15, 3),
('B', 15, 3),
('C', 15, 3),
('D', 15, 3),
('E', 15, 3),
('F', 15, 3),
('G', 15, 3);

INSERT INTO Proiezione(ID, Data, Orario, IDFilm, NumeroSala)
VALUES 
(1,'2022-02-15', '12.00', 1, 1),
(2,'2022-11-11', '15.00', 1, 3),
(3,'2022-01-28', '22.20', 1, 1),
(4,'2022-05-04', '21.30', 2, 1),
(5,'2022-10-28', '11.00', 2, 3),
(6,'2022-06-10', '12.00', 2, 2),
(7,'2022-08-19', '12.00', 2, 1),
(8,'2022-01-04', '21.30', 3, 2),
(9,'2022-11-20', '11.00', 3, 1),
(10,'2022-07-14', '21.30', 3, 2),
(11,'2022-10-11', '12.00', 3, 2),
(12,'2022-03-28', '15.00', 3, 3),
(13,'2022-06-13', '21.30', 4, 2),
(14,'2022-03-15', '21.30', 4, 2),
(15,'2022-02-01', '21.30', 4, 1);

INSERT INTO Utente (ID, DataNascita, Nome, Cognome, Username, Password, Email)
VALUES
(1, '1999-05-06', 'Gino', 'Ginetto', 'asdfg1', 'ngjaoag', 'asdfg@grim.com'),
(2, '1994-09-01', 'piero', 'Ginetto', 'asdfg2', 'n22r', 'derfdfg@grim.com'),
(3, '1995-07-04', 'Gino', 'fsdao', 'asdfg3', 'njaoag123', 'aasra@grim.com'),
(4, '1980-02-08', 'Gino', 'Ginfetto', 'asdfg4', 'nuu5ag', 'atrtre@grim.com');

INSERT INTO Prenotazione(ID, NumeroPersone, IDUtente, IDProiezione)
VALUES
(1, 4, 2, 2),
(2, 2, 3, 1),
(3, 3, 4, 3),
(4, 4, 2, 3),
(5, 3, 4, 10),
(6, 2, 1, 10),
(7, 2, 2, 11),
(8, 4, 3, 13);

INSERT INTO Partecipa (FilaPosto, NumeroPosto, NumeroSala, IDPrenotazione)
VALUES
('G', 14, 3, 1),
('A', 15, 3, 1),
('B', 15, 3, 1),
('C', 15, 3, 1),

('G', 11, 1, 2),
('A', 12, 1, 2),

('D', 5, 1, 3),
('E', 5, 1, 3),
('F', 5, 1, 3),

('E', 1, 1, 4),
('F', 1, 1, 4),
('G', 1, 1, 4),
('A', 2, 1, 4),

('B', 11, 2, 5),
('C', 11, 2, 5),
('D', 11, 2, 5),

('A', 2, 2, 6),
('A', 3, 2, 6),

('E', 3, 2, 7),
('F', 3, 2, 7),

('A', 13, 2, 8),
('B', 13, 2, 8),
('C', 13, 2, 8),
('D', 13, 2, 8);

INSERT INTO CastFilm (ID, Nome, Cognome, Ruolo)
VALUES
(1, 'Ramona', 'Jones', 'R'),
(2, 'Allen', 'Hart', 'A'),
(3, 'Terri', 'Turner', 'A'),
(4, 'Kevin', 'Gutierrez', 'R'),
(5, 'Jose', 'Roy', 'A'),
(6, 'Oliver', 'Carroll', 'A'),
(7, 'Kelley', 'Hunter', 'A'),
(8, 'Charles', 'Campbell', 'A'),
(9, 'Erma', 'Rowe', 'A'),
(10, 'Sherry', 'Malone', 'A'),
(11, 'Greg', 'Brady', 'R'),
(12, 'Constance', 'Fuller', 'A'),
(13,'Lila', 'Lawson', 'A'),
(14,'Orville', 'Ballard', 'A'),
(15,'Carolyn', 'Wallace', 'A'),
(16,'Sammy', 'Patrick', 'A'),
(17,'Stephanie', 'Hanson', 'R'),
(18,'Lyle', 'Bates', 'A'),
(19,'Rosalie', 'Benson', 'A'),
(20,'Cody', 'Bowers', 'A'),
(21,'Josefina', 'Fitzgerald', 'A'),
(22,'Bessie', 'Adams', 'A'),
(23,'Camille', 'Jackson', 'A'),
(24,'Myron', 'Santos', 'A'),
(25,'Amanda', 'Ingram', 'R');

INSERT INTO Afferisce(IDCast, IDFilm) 
VALUES
(1, 1),
(2, 1),
(3, 1),
(4, 1),
(5, 1),
(6, 4),
(7, 2),
(8, 2),
(9, 2),
(10, 2),
(11, 2),
(12, 2),
(13, 2),
(14, 2),
(15, 2),
(16, 3),
(17, 3),
(18, 3),
(19, 3),
(20, 3),
(21, 3),
(22, 4),
(23, 4),
(24, 4),
(25, 4);



